1,English,NCERT English-1,4,1,SKV Rohini
1,Maths,NCERT Maths-1,4,1,SKV Rohini
1,Science,NCERT Science-1,4,1,SKV Rohini
1,Hindi,NCERT Hindi-1,4,1,SKV Rohini
1,GK,NCERT GK-1,4,1,SKV Rohini
2,English,NCERT English-2,4,1,SKV Rohini
2,Maths,NCERT Maths-2,4,1,SKV Rohini
2,Science,NCERT Science-2,4,1,SKV Rohini
2,Hindi,NCERT Hindi-2,4,1,SKV Rohini
2,GK,NCERT GK-2,4,1,SKV Rohini
3,English,NCERT English-3,4,1,SKV Rohini
3,Maths,NCERT Maths-3,4,1,SKV Rohini
3,Science,NCERT Science-3,4,1,SKV Rohini
3,Hindi,NCERT Hindi-3,4,1,SKV Rohini
3,GK,NCERT GK-3,4,1,SKV Rohini
4,English,NCERT English-4,4,1,SKV Rohini
4,Maths,NCERT Maths-4,4,1,SKV Rohini
4,Science,NCERT Science-4,4,1,SKV Rohini
4,Hindi,NCERT Hindi-4,4,1,SKV Rohini
4,GK,NCERT GK-4,4,1,SKV Rohini
5,English,NCERT English-5,4,1,SKV Rohini
5,Maths,NCERT Maths-5,4,1,SKV Rohini
5,Science,NCERT Science-5,4,1,SKV Rohini
5,Hindi,NCERT Hindi-5,4,1,SKV Rohini
5,GK,NCERT GK-5,4,1,SKV Rohini
6,English,NCERT English-6,4,1,SKV Rohini
6,Maths,NCERT Maths-6,4,1,SKV Rohini
6,Science,NCERT Science-6,4,1,SKV Rohini
6,Hindi,NCERT Hindi-6,4,1,SKV Rohini
6,GK,NCERT GK-6,4,1,SKV Rohini
7,English,NCERT English-7,4,1,SKV Rohini
7,Maths,NCERT Maths-7,4,1,SKV Rohini
7,Science,NCERT Science-7,4,1,SKV Rohini
7,Hindi,NCERT Hindi-7,4,1,SKV Rohini
7,GK,NCERT GK-7,4,1,SKV Rohini
8,English,NCERT English-8,4,1,SKV Rohini
8,Maths,NCERT Maths-8,4,1,SKV Rohini
8,Science,NCERT Science-8,4,1,SKV Rohini
8,Hindi,NCERT Hindi-8,4,1,SKV Rohini
8,GK,NCERT GK-8,4,1,SKV Rohini
9,English,NCERT English-9,4,1,SKV Rohini
9,Maths,NCERT Maths-9,4,1,SKV Rohini
9,Science,NCERT Science-9,4,1,SKV Rohini
9,Hindi,NCERT Hindi-9,4,1,SKV Rohini
9,GK,NCERT GK-9,4,1,SKV Rohini
10,English,NCERT English-10,4,1,SKV Rohini
10,Maths,NCERT Maths-10,4,1,SKV Rohini
10,Science,NCERT Science-10,4,1,SKV Rohini
10,Hindi,NCERT Hindi-10,4,1,SKV Rohini
10,GK,NCERT GK-10,4,1,SKV Rohini
11,English,NCERT English-11,4,1,SKV Rohini
11,Maths,NCERT Maths-11,4,1,SKV Rohini
11,Science,NCERT Science-11,4,1,SKV Rohini
11,Hindi,NCERT Hindi-11,4,1,SKV Rohini
11,GK,NCERT GK-11,4,1,SKV Rohini
12,English,NCERT English-12,4,1,SKV Rohini
12,Maths,NCERT Maths-12,4,1,SKV Rohini
12,Science,NCERT Science-12,4,1,SKV Rohini
12,Hindi,NCERT Hindi-12,4,1,SKV Rohini
12,GK,NCERT GK-12,4,1,SKV Rohini
1,English,NCERT English-1,4,1,SKV Karala
1,Maths,NCERT Maths-1,4,1,SKV Karala
1,Science,NCERT Science-1,4,1,SKV Karala
1,Hindi,NCERT Hindi-1,4,1,SKV Karala
1,GK,NCERT GK-1,4,1,SKV Karala
2,English,NCERT English-2,4,1,SKV Karala
2,Maths,NCERT Maths-2,4,1,SKV Karala
2,Science,NCERT Science-2,4,1,SKV Karala
2,Hindi,NCERT Hindi-2,4,1,SKV Karala
2,GK,NCERT GK-2,4,1,SKV Karala
3,English,NCERT English-3,4,1,SKV Karala
3,Maths,NCERT Maths-3,4,1,SKV Karala
3,Science,NCERT Science-3,4,1,SKV Karala
3,Hindi,NCERT Hindi-3,4,1,SKV Karala
3,GK,NCERT GK-3,4,1,SKV Karala
4,English,NCERT English-4,4,1,SKV Karala
4,Maths,NCERT Maths-4,4,1,SKV Karala
4,Science,NCERT Science-4,4,1,SKV Karala
4,Hindi,NCERT Hindi-4,4,1,SKV Karala
4,GK,NCERT GK-4,4,1,SKV Karala
5,English,NCERT English-5,4,1,SKV Karala
5,Maths,NCERT Maths-5,4,1,SKV Karala
5,Science,NCERT Science-5,4,1,SKV Karala
5,Hindi,NCERT Hindi-5,4,1,SKV Karala
5,GK,NCERT GK-5,4,1,SKV Karala
6,English,NCERT English-6,4,1,SKV Karala
6,Maths,NCERT Maths-6,4,1,SKV Karala
6,Science,NCERT Science-6,4,1,SKV Karala
6,Hindi,NCERT Hindi-6,4,1,SKV Karala
6,GK,NCERT GK-6,4,1,SKV Karala
7,English,NCERT English-7,4,1,SKV Karala
7,Maths,NCERT Maths-7,4,1,SKV Karala
7,Science,NCERT Science-7,4,1,SKV Karala
7,Hindi,NCERT Hindi-7,4,1,SKV Karala
7,GK,NCERT GK-7,4,1,SKV Karala
8,English,NCERT English-8,4,1,SKV Karala
8,Maths,NCERT Maths-8,4,1,SKV Karala
8,Science,NCERT Science-8,4,1,SKV Karala
8,Hindi,NCERT Hindi-8,4,1,SKV Karala
8,GK,NCERT GK-8,4,1,SKV Karala
9,English,NCERT English-9,4,1,SKV Karala
9,Maths,NCERT Maths-9,4,1,SKV Karala
9,Science,NCERT Science-9,4,1,SKV Karala
9,Hindi,NCERT Hindi-9,4,1,SKV Karala
9,GK,NCERT GK-9,4,1,SKV Karala
10,English,NCERT English-10,4,1,SKV Karala
10,Maths,NCERT Maths-10,4,1,SKV Karala
10,Science,NCERT Science-10,4,1,SKV Karala
10,Hindi,NCERT Hindi-10,4,1,SKV Karala
10,GK,NCERT GK-10,4,1,SKV Karala
11,English,NCERT English-11,4,1,SKV Karala
11,Maths,NCERT Maths-11,4,1,SKV Karala
11,Science,NCERT Science-11,4,1,SKV Karala
11,Hindi,NCERT Hindi-11,4,1,SKV Karala
11,GK,NCERT GK-11,4,1,SKV Karala
12,English,NCERT English-12,4,1,SKV Karala
12,Maths,NCERT Maths-12,4,1,SKV Karala
12,Science,NCERT Science-12,4,1,SKV Karala
12,Hindi,NCERT Hindi-12,4,1,SKV Karala
12,GK,NCERT GK-12,4,1,SKV Karala
1,English,NCERT English-1,4,1,SKV Begam Pur
1,Maths,NCERT Maths-1,4,1,SKV Begam Pur
1,Science,NCERT Science-1,4,1,SKV Begam Pur
1,Hindi,NCERT Hindi-1,4,1,SKV Begam Pur
1,GK,NCERT GK-1,4,1,SKV Begam Pur
2,English,NCERT English-2,4,1,SKV Begam Pur
2,Maths,NCERT Maths-2,4,1,SKV Begam Pur
2,Science,NCERT Science-2,4,1,SKV Begam Pur
2,Hindi,NCERT Hindi-2,4,1,SKV Begam Pur
2,GK,NCERT GK-2,4,1,SKV Begam Pur
3,English,NCERT English-3,4,1,SKV Begam Pur
3,Maths,NCERT Maths-3,4,1,SKV Begam Pur
3,Science,NCERT Science-3,4,1,SKV Begam Pur
3,Hindi,NCERT Hindi-3,4,1,SKV Begam Pur
3,GK,NCERT GK-3,4,1,SKV Begam Pur
4,English,NCERT English-4,4,1,SKV Begam Pur
4,Maths,NCERT Maths-4,4,1,SKV Begam Pur
4,Science,NCERT Science-4,4,1,SKV Begam Pur
4,Hindi,NCERT Hindi-4,4,1,SKV Begam Pur
4,GK,NCERT GK-4,4,1,SKV Begam Pur
5,English,NCERT English-5,4,1,SKV Begam Pur
5,Maths,NCERT Maths-5,4,1,SKV Begam Pur
5,Science,NCERT Science-5,4,1,SKV Begam Pur
5,Hindi,NCERT Hindi-5,4,1,SKV Begam Pur
5,GK,NCERT GK-5,4,1,SKV Begam Pur
6,English,NCERT English-6,4,1,SKV Begam Pur
6,Maths,NCERT Maths-6,4,1,SKV Begam Pur
6,Science,NCERT Science-6,4,1,SKV Begam Pur
6,Hindi,NCERT Hindi-6,4,1,SKV Begam Pur
6,GK,NCERT GK-6,4,1,SKV Begam Pur
7,English,NCERT English-7,4,1,SKV Begam Pur
7,Maths,NCERT Maths-7,4,1,SKV Begam Pur
7,Science,NCERT Science-7,4,1,SKV Begam Pur
7,Hindi,NCERT Hindi-7,4,1,SKV Begam Pur
7,GK,NCERT GK-7,4,1,SKV Begam Pur
8,English,NCERT English-8,4,1,SKV Begam Pur
8,Maths,NCERT Maths-8,4,1,SKV Begam Pur
8,Science,NCERT Science-8,4,1,SKV Begam Pur
8,Hindi,NCERT Hindi-8,4,1,SKV Begam Pur
8,GK,NCERT GK-8,4,1,SKV Begam Pur
9,English,NCERT English-9,4,1,SKV Begam Pur
9,Maths,NCERT Maths-9,4,1,SKV Begam Pur
9,Science,NCERT Science-9,4,1,SKV Begam Pur
9,Hindi,NCERT Hindi-9,4,1,SKV Begam Pur
9,GK,NCERT GK-9,4,1,SKV Begam Pur
10,English,NCERT English-10,4,1,SKV Begam Pur
10,Maths,NCERT Maths-10,4,1,SKV Begam Pur
10,Science,NCERT Science-10,4,1,SKV Begam Pur
10,Hindi,NCERT Hindi-10,4,1,SKV Begam Pur
10,GK,NCERT GK-10,4,1,SKV Begam Pur
11,English,NCERT English-11,4,1,SKV Begam Pur
11,Maths,NCERT Maths-11,4,1,SKV Begam Pur
11,Science,NCERT Science-11,4,1,SKV Begam Pur
11,Hindi,NCERT Hindi-11,4,1,SKV Begam Pur
11,GK,NCERT GK-11,4,1,SKV Begam Pur
12,English,NCERT English-12,4,1,SKV Begam Pur
12,Maths,NCERT Maths-12,4,1,SKV Begam Pur
12,Science,NCERT Science-12,4,1,SKV Begam Pur
12,Hindi,NCERT Hindi-12,4,1,SKV Begam Pur
12,GK,NCERT GK-12,4,1,SKV Begam Pur
1,English,NCERT English-1,4,1,SKV Kanhjawala
1,Maths,NCERT Maths-1,4,1,SKV Kanhjawala
1,Science,NCERT Science-1,4,1,SKV Kanhjawala
1,Hindi,NCERT Hindi-1,4,1,SKV Kanhjawala
1,GK,NCERT GK-1,4,1,SKV Kanhjawala
2,English,NCERT English-2,4,1,SKV Kanhjawala
2,Maths,NCERT Maths-2,4,1,SKV Kanhjawala
2,Science,NCERT Science-2,4,1,SKV Kanhjawala
2,Hindi,NCERT Hindi-2,4,1,SKV Kanhjawala
2,GK,NCERT GK-2,4,1,SKV Kanhjawala
3,English,NCERT English-3,4,1,SKV Kanhjawala
3,Maths,NCERT Maths-3,4,1,SKV Kanhjawala
3,Science,NCERT Science-3,4,1,SKV Kanhjawala
3,Hindi,NCERT Hindi-3,4,1,SKV Kanhjawala
3,GK,NCERT GK-3,4,1,SKV Kanhjawala
4,English,NCERT English-4,4,1,SKV Kanhjawala
4,Maths,NCERT Maths-4,4,1,SKV Kanhjawala
4,Science,NCERT Science-4,4,1,SKV Kanhjawala
4,Hindi,NCERT Hindi-4,4,1,SKV Kanhjawala
4,GK,NCERT GK-4,4,1,SKV Kanhjawala
5,English,NCERT English-5,4,1,SKV Kanhjawala
5,Maths,NCERT Maths-5,4,1,SKV Kanhjawala
5,Science,NCERT Science-5,4,1,SKV Kanhjawala
5,Hindi,NCERT Hindi-5,4,1,SKV Kanhjawala
5,GK,NCERT GK-5,4,1,SKV Kanhjawala
6,English,NCERT English-6,4,1,SKV Kanhjawala
6,Maths,NCERT Maths-6,4,1,SKV Kanhjawala
6,Science,NCERT Science-6,4,1,SKV Kanhjawala
6,Hindi,NCERT Hindi-6,4,1,SKV Kanhjawala
6,GK,NCERT GK-6,4,1,SKV Kanhjawala
7,English,NCERT English-7,4,1,SKV Kanhjawala
7,Maths,NCERT Maths-7,4,1,SKV Kanhjawala
7,Science,NCERT Science-7,4,1,SKV Kanhjawala
7,Hindi,NCERT Hindi-7,4,1,SKV Kanhjawala
7,GK,NCERT GK-7,4,1,SKV Kanhjawala
8,English,NCERT English-8,4,1,SKV Kanhjawala
8,Maths,NCERT Maths-8,4,1,SKV Kanhjawala
8,Science,NCERT Science-8,4,1,SKV Kanhjawala
8,Hindi,NCERT Hindi-8,4,1,SKV Kanhjawala
8,GK,NCERT GK-8,4,1,SKV Kanhjawala
9,English,NCERT English-9,4,1,SKV Kanhjawala
9,Maths,NCERT Maths-9,4,1,SKV Kanhjawala
9,Science,NCERT Science-9,4,1,SKV Kanhjawala
9,Hindi,NCERT Hindi-9,4,1,SKV Kanhjawala
9,GK,NCERT GK-9,4,1,SKV Kanhjawala
10,English,NCERT English-10,4,1,SKV Kanhjawala
10,Maths,NCERT Maths-10,4,1,SKV Kanhjawala
10,Science,NCERT Science-10,4,1,SKV Kanhjawala
10,Hindi,NCERT Hindi-10,4,1,SKV Kanhjawala
10,GK,NCERT GK-10,4,1,SKV Kanhjawala
11,English,NCERT English-11,4,1,SKV Kanhjawala
11,Maths,NCERT Maths-11,4,1,SKV Kanhjawala
11,Science,NCERT Science-11,4,1,SKV Kanhjawala
11,Hindi,NCERT Hindi-11,4,1,SKV Kanhjawala
11,GK,NCERT GK-11,4,1,SKV Kanhjawala
12,English,NCERT English-12,4,1,SKV Kanhjawala
12,Maths,NCERT Maths-12,4,1,SKV Kanhjawala
12,Science,NCERT Science-12,4,1,SKV Kanhjawala
12,Hindi,NCERT Hindi-12,4,1,SKV Kanhjawala
12,GK,NCERT GK-12,4,1,SKV Kanhjawala
1,English,NCERT English-1,4,1,SKV Avantika
1,Maths,NCERT Maths-1,4,1,SKV Avantika
1,Science,NCERT Science-1,4,1,SKV Avantika
1,Hindi,NCERT Hindi-1,4,1,SKV Avantika
1,GK,NCERT GK-1,4,1,SKV Avantika
2,English,NCERT English-2,4,1,SKV Avantika
2,Maths,NCERT Maths-2,4,1,SKV Avantika
2,Science,NCERT Science-2,4,1,SKV Avantika
2,Hindi,NCERT Hindi-2,4,1,SKV Avantika
2,GK,NCERT GK-2,4,1,SKV Avantika
3,English,NCERT English-3,4,1,SKV Avantika
3,Maths,NCERT Maths-3,4,1,SKV Avantika
3,Science,NCERT Science-3,4,1,SKV Avantika
3,Hindi,NCERT Hindi-3,4,1,SKV Avantika
3,GK,NCERT GK-3,4,1,SKV Avantika
4,English,NCERT English-4,4,1,SKV Avantika
4,Maths,NCERT Maths-4,4,1,SKV Avantika
4,Science,NCERT Science-4,4,1,SKV Avantika
4,Hindi,NCERT Hindi-4,4,1,SKV Avantika
4,GK,NCERT GK-4,4,1,SKV Avantika
5,English,NCERT English-5,4,1,SKV Avantika
5,Maths,NCERT Maths-5,4,1,SKV Avantika
5,Science,NCERT Science-5,4,1,SKV Avantika
5,Hindi,NCERT Hindi-5,4,1,SKV Avantika
5,GK,NCERT GK-5,4,1,SKV Avantika
6,English,NCERT English-6,4,1,SKV Avantika
6,Maths,NCERT Maths-6,4,1,SKV Avantika
6,Science,NCERT Science-6,4,1,SKV Avantika
6,Hindi,NCERT Hindi-6,4,1,SKV Avantika
6,GK,NCERT GK-6,4,1,SKV Avantika
7,English,NCERT English-7,4,1,SKV Avantika
7,Maths,NCERT Maths-7,4,1,SKV Avantika
7,Science,NCERT Science-7,4,1,SKV Avantika
7,Hindi,NCERT Hindi-7,4,1,SKV Avantika
7,GK,NCERT GK-7,4,1,SKV Avantika
8,English,NCERT English-8,4,1,SKV Avantika
8,Maths,NCERT Maths-8,4,1,SKV Avantika
8,Science,NCERT Science-8,4,1,SKV Avantika
8,Hindi,NCERT Hindi-8,4,1,SKV Avantika
8,GK,NCERT GK-8,4,1,SKV Avantika
9,English,NCERT English-9,4,1,SKV Avantika
9,Maths,NCERT Maths-9,4,1,SKV Avantika
9,Science,NCERT Science-9,4,1,SKV Avantika
9,Hindi,NCERT Hindi-9,4,1,SKV Avantika
9,GK,NCERT GK-9,4,1,SKV Avantika
10,English,NCERT English-10,4,1,SKV Avantika
10,Maths,NCERT Maths-10,4,1,SKV Avantika
10,Science,NCERT Science-10,4,1,SKV Avantika
10,Hindi,NCERT Hindi-10,4,1,SKV Avantika
10,GK,NCERT GK-10,4,1,SKV Avantika
11,English,NCERT English-11,4,1,SKV Avantika
11,Maths,NCERT Maths-11,4,1,SKV Avantika
11,Science,NCERT Science-11,4,1,SKV Avantika
11,Hindi,NCERT Hindi-11,4,1,SKV Avantika
11,GK,NCERT GK-11,4,1,SKV Avantika
12,English,NCERT English-12,4,1,SKV Avantika
12,Maths,NCERT Maths-12,4,1,SKV Avantika
12,Science,NCERT Science-12,4,1,SKV Avantika
12,Hindi,NCERT Hindi-12,4,1,SKV Avantika
12,GK,NCERT GK-12,4,1,SKV Avantika
